t,count,max,mean,min,stddev,p50,p75,p95,p98,p99,p999,mean_rate,m1_rate,m5_rate,m15_rate,rate_unit,duration_unit
1754466640,43823,371.195903,21.848537,4.063232,23.934048,12.451839,22.937599,69.730303,83.361791,99.614719,200.278015,401.866441,437.155029,124.768573,44.420120,calls/second,milliseconds
1754466700,80840,413.138943,23.713028,4.063232,25.181473,12.451839,25.952255,76.021759,84.410367,91.226111,198.180863,478.133001,558.321356,215.551801,81.866642,calls/second,milliseconds
1754466760,120531,413.138943,23.867015,4.046848,26.869977,10.616831,25.427967,80.216063,83.886079,88.080383,188.743679,526.133270,620.301326,294.837886,118.661548,calls/second,milliseconds
1754466820,157111,413.138943,24.420483,3.948544,28.204184,9.764863,26.345471,81.264639,86.507519,89.653247,178.257919,543.467168,614.821276,352.217113,150.439006,calls/second,milliseconds
1754466880,225777,413.138943,21.244512,3.899392,26.432912,7.864319,18.350079,80.740351,85.458943,89.128959,143.654911,646.848275,949.059621,488.595160,211.568896,calls/second,milliseconds
1754466940,300494,413.138943,19.155772,3.768320,24.926955,7.012351,14.352383,79.691775,83.886079,87.556095,116.916223,734.637087,1097.653536,622.602890,277.583259,calls/second,milliseconds
1754467000,355184,413.138943,18.908049,3.768320,24.677298,6.946815,13.828095,79.691775,83.361791,87.031807,110.624767,757.174752,955.369267,681.262110,321.532754,calls/second,milliseconds
1754467060,417310,413.138943,18.392514,3.768320,24.422862,6.750207,12.648447,79.691775,83.361791,87.031807,106.430463,788.735461,1055.393025,750.503218,368.772710,calls/second,milliseconds
1754467120,456415,413.138943,18.919808,3.768320,25.119279,6.750207,12.779519,80.216063,83.886079,87.031807,104.857599,774.781697,789.470332,729.661596,385.989493,calls/second,milliseconds
1754467180,512162,413.138943,18.735027,3.768320,24.956681,6.750207,12.255231,80.216063,83.361791,87.031807,103.284735,789.108429,837.557183,756.725148,417.930931,calls/second,milliseconds
1754467240,561304,413.138943,18.804817,3.768320,24.982323,6.848511,12.255231,79.691775,83.361791,87.031807,103.284735,791.639526,819.200496,769.795367,444.729482,calls/second,milliseconds
1754467300,614296,536.870911,18.745008,3.768320,24.968323,6.914047,12.189695,79.691775,83.361791,86.507519,104.857599,798.731292,852.769029,794.852943,474.982200,calls/second,milliseconds
1754467360,655313,536.870911,19.036295,3.768320,24.838191,7.110655,13.631487,79.691775,83.361791,86.507519,104.857599,790.448088,746.683421,775.133874,488.577105,calls/second,milliseconds
